<?xml version="1.0" encoding="UTF-8"?>
<beans xmlns="http://www.springframework.org/schema/beans"
	xmlns:xsi="http://www.w3.org/2001/XMLSchema-instance"
	xmlns:context="http://www.springframework.org/schema/context"
	xsi:schemaLocation="http://www.springframework.org/schema/beans https://www.springframework.org/schema/beans/spring-beans.xsd
		http://www.springframework.org/schema/context http://www.springframework.org/schema/context/spring-context-4.3.xsd">
	
	<!-- Root Context: defines shared resources visible to all other web components -->
	
	<context:component-scan base-package="book.bean" />
	<context:component-scan base-package="book.service" />
	<context:component-scan base-package="book.dao" />	
	
	<context:component-scan base-package="shop.bean" />
	<context:component-scan base-package="shop.service" />
	<context:component-scan base-package="shop.dao" />
	
	<context:component-scan base-package="order.bean" />
	<context:component-scan base-package="order.service" />
	<context:component-scan base-package="order.dao" />
	
	<context:component-scan base-package="member.bean" />
	<context:component-scan base-package="member.service" />
	<context:component-scan base-package="member.dao" />
	
	<context:component-scan base-package="review.bean" />
	<context:component-scan base-package="review.service" />
	<context:component-scan base-package="review.dao" />	

	<context:component-scan base-package="board.bean" />
	<context:component-scan base-package="board.service" />
	<context:component-scan base-package="board.dao" />
	
	<context:component-scan base-package="hotSalt.conf" />
	<context:component-scan base-package="kr.co.bootpay.javaApache" />	
	
	
	
		
</beans>
