<?xml version="1.0" encoding="UTF-8"?>
<beans:beans
	xmlns="http://www.springframework.org/schema/mvc"
	xmlns:xsi="http://www.w3.org/2001/XMLSchema-instance"
	xmlns:beans="http://www.springframework.org/schema/beans"
	xmlns:context="http://www.springframework.org/schema/context"
	xsi:schemaLocation="http://www.springframework.org/schema/mvc https://www.springframework.org/schema/mvc/spring-mvc.xsd
		http://www.springframework.org/schema/beans https://www.springframework.org/schema/beans/spring-beans.xsd
		http://www.springframework.org/schema/context https://www.springframework.org/schema/context/spring-context.xsd">

	<!-- DispatcherServlet Context: defines this servlet's request-processing 
		infrastructure -->

	<!-- Enables the Spring MVC @Controller programming model -->
	<annotation-driven />

	<!-- Handles HTTP GET requests for /resources/** by efficiently serving 
		up static resources in the ${webappRoot}/resources directory -->
	<resources mapping="/resources/**" location="/resources/" />
	<resources mapping="/*.html" location="/" />
	<resources mapping="/css/**" location="/css/" />
	<resources mapping="/*.css" location="/" />
	<resources mapping="/images/**" location="/images/" />
	<resources mapping="/img/**" location="/img/" />
	<resources mapping="/js/**" location="/js/" />
	<resources mapping="/fonts/**" location="/fonts/" />
	<resources mapping="/main/**" location="/main/" />
	<resources mapping="/community-img/**" location="/community-img/" />
	<resources mapping="/demo/**" location="/demo/" />
	<resources mapping="/board/**" location="/board/js" />
	
	<!-- Resolves views selected for rendering by @Controllers to .jsp resources 
		in the /WEB-INF/views directory -->
	<beans:bean
		class="org.springframework.web.servlet.view.InternalResourceViewResolver">
		<beans:property name="suffix" value=".jsp" />
	</beans:bean>
	
	<!-- json -->
	<beans:bean id="jsonView" 
	      class="org.springframework.web.servlet.view.json.MappingJackson2JsonView">
		<beans:property name="contentType" value="text/html;charset=UTF-8" />
	</beans:bean>
	<beans:bean id="beanNameViewResolver"
	      class="org.springframework.web.servlet.view.BeanNameViewResolver">
		<beans:property name="order" value="0" />	      
	</beans:bean>

	<!-- 파일업로드 -->
	<beans:bean id="multipartResolver"
		class="org.springframework.web.multipart.commons.CommonsMultipartResolver">
		<beans:property name="maxUploadSize" value="5000000" />
	</beans:bean>

	<context:component-scan
		base-package="book.controller" />
	<context:component-scan
		base-package="shop.controller" />
	<context:component-scan
		base-package="order.controller" />
	<context:component-scan
		base-package="member.controller" />
	<context:component-scan
		base-package="main.controller" />
	<context:component-scan
		base-package="admin.controller" />
	<context:component-scan
		base-package="review.controller" />
	<context:component-scan
		base-package="board.controller" />
		
</beans:beans>
